{
    "$schema": "https://schema.management.azure.com/schemas/2015-01-01/deploymentParameters.json#",
    "contentVersion": "1.0.0.0",
    "parameters": {
        "location": {
            "value": "centralindia"
        },
        "networkInterfaceName": {
            "value": "arm-vm708"
        },
        "enableAcceleratedNetworking": {
            "value": true
        },
        "networkSecurityGroupName": {
            "value": "arm-vm-nsg"
        },
        "networkSecurityGroupRules": {
            "value": [
                {
                    "name": "RDP",
                    "properties": {
                        "priority": 300,
                        "protocol": "TCP",
                        "access": "Allow",
                        "direction": "Inbound",
                        "sourceAddressPrefix": "*",
                        "sourcePortRange": "*",
                        "destinationAddressPrefix": "*",
                        "destinationPortRange": "3389"
                    }
                }
            ]
        },
        "subnetName": {
            "value": "default"
        },
        "virtualNetworkId": {
            "value": "/subscriptions/2a3c6418-97b9-4d96-a24b-2c2d7633d375/resourceGroups/rg-azuser2550_mml.local-8wGtr/providers/Microsoft.Network/virtualNetworks/aksmachine-vnet"
        },
        "publicIpAddressName": {
            "value": "arm-vm-ip"
        },
        "publicIpAddressType": {
            "value": "Static"
        },
        "publicIpAddressSku": {
            "value": "Standard"
        },
        "pipDeleteOption": {
            "value": "Detach"
        },
        "virtualMachineName": {
            "value": "arm-vm"
        },
        "virtualMachineComputerName": {
            "value": "arm-vm"
        },
        "virtualMachineRG": {
            "value": "rg-azuser2550_mml.local-8wGtr"
        },
        "osDiskType": {
            "value": "Premium_LRS"
        },
        "osDiskDeleteOption": {
            "value": "Delete"
        },
        "virtualMachineSize": {
            "value": "Standard_D4s_v3"
        },
        "nicDeleteOption": {
            "value": "Detach"
        },
        "hibernationEnabled": {
            "value": false
        },
        "adminUsername": {
            "value": "nikhil-vm"
        },
        "adminPassword": {
            "value": "Password@12345"
        },
        "patchMode": {
            "value": "AutomaticByOS"
        },
        "enableHotpatching": {
            "value": false
        }
    }
}